table_schema,table_name,view_definition
public,dashboard_home_view," WITH wishlist_counts AS (
         SELECT wishlist_items.user_id,
            (count(*))::integer AS wishlist_count
           FROM wishlist_items
          WHERE (wishlist_items.user_id IS NOT NULL)
          GROUP BY wishlist_items.user_id
        ), monthly_adds AS (
         SELECT user_collection_items.user_id,
            (COALESCE(sum(COALESCE(user_collection_items.quantity, (1)::bigint)), (0)::numeric))::integer AS pops_added_this_month
           FROM user_collection_items
          WHERE ((user_collection_items.user_id IS NOT NULL) AND (user_collection_items.acquired_date >= (date_trunc('month'::text, (CURRENT_DATE)::timestamp with time zone))::date) AND (user_collection_items.acquired_date < ((date_trunc('month'::text, (CURRENT_DATE)::timestamp with time zone) + '1 mon'::interval))::date))
          GROUP BY user_collection_items.user_id
        ), baseline_snapshot AS (
         SELECT DISTINCT ON (ds.user_id) ds.user_id,
            ds.snapshot_date AS baseline_snapshot_date,
            ds.total_collection_value AS baseline_collection_value
           FROM dashboard_snapshots ds
          WHERE (ds.snapshot_date < (date_trunc('month'::text, (CURRENT_DATE)::timestamp with time zone))::date)
          ORDER BY ds.user_id, ds.snapshot_date DESC
        ), base AS (
         SELECT p.id AS user_id,
            COALESCE(NULLIF(p.display_name, ''::text), NULLIF(p.username, ''::text), 'Collector'::text) AS display_name,
            COALESCE(s.unique_items, (0)::bigint) AS unique_items,
            (COALESCE(s.total_quantity, (0)::numeric))::bigint AS total_pops,
            (COALESCE(s.total_collection_value, (0)::numeric))::numeric(12,2) AS total_collection_value,
            (COALESCE(s.total_purchase_cost, (0)::numeric))::numeric(12,2) AS total_paid,
            (COALESCE(s.total_gain_loss, (0)::numeric))::numeric(12,2) AS gain_loss,
            COALESCE(w.wishlist_count, 0) AS wishlist_count,
            COALESCE(m.pops_added_this_month, 0) AS pops_added_this_month,
            b.baseline_snapshot_date,
            b.baseline_collection_value
           FROM ((((profiles p
             LEFT JOIN user_collection_summary_view s ON ((s.user_id = p.id)))
             LEFT JOIN wishlist_counts w ON ((w.user_id = p.id)))
             LEFT JOIN monthly_adds m ON ((m.user_id = p.id)))
             LEFT JOIN baseline_snapshot b ON ((b.user_id = p.id)))
          WHERE (p.id = auth.uid())
        ), calc AS (
         SELECT base.user_id,
            base.display_name,
            base.unique_items,
            base.total_pops,
            base.total_collection_value,
            base.total_paid,
            base.gain_loss,
            base.wishlist_count,
            base.pops_added_this_month,
            base.baseline_snapshot_date,
            base.baseline_collection_value,
            ('Welcome back, '::text || base.display_name) AS greeting_text,
                CASE
                    WHEN (base.baseline_collection_value IS NULL) THEN NULL::numeric
                    ELSE ((base.total_collection_value - base.baseline_collection_value))::numeric(12,2)
                END AS monthly_value_change,
                CASE
                    WHEN ((base.baseline_collection_value IS NULL) OR (base.baseline_collection_value = (0)::numeric)) THEN NULL::numeric
                    ELSE round((((base.total_collection_value - base.baseline_collection_value) / base.baseline_collection_value) * (100)::numeric), 1)
                END AS monthly_value_change_percent,
                CASE
                    WHEN (base.total_paid = (0)::numeric) THEN NULL::numeric
                    ELSE round(((base.gain_loss / base.total_paid) * (100)::numeric), 1)
                END AS gain_loss_percent
           FROM base
        )
 SELECT user_id,
    display_name,
    greeting_text,
        CASE
            WHEN (monthly_value_change_percent IS NULL) THEN
            CASE
                WHEN (pops_added_this_month = 1) THEN 'You added 1 Pop this month.'::text
                WHEN (pops_added_this_month > 1) THEN (('You added '::text || pops_added_this_month) || ' Pops this month.'::text)
                ELSE 'Track your shelf, value, and collection.'::text
            END
            WHEN (monthly_value_change > (0)::numeric) THEN (('Your collection value is up '::text || monthly_value_change_percent) || '% this month.'::text)
            WHEN (monthly_value_change < (0)::numeric) THEN (('Your collection value is down '::text || abs(monthly_value_change_percent)) || '% this month.'::text)
            ELSE 'Your collection value is steady this month.'::text
        END AS insight_text,
    unique_items,
    total_pops,
    total_collection_value,
    total_paid,
    gain_loss,
    gain_loss_percent,
    wishlist_count,
    pops_added_this_month,
    baseline_snapshot_date,
    baseline_collection_value,
    monthly_value_change,
    monthly_value_change_percent,
    CURRENT_DATE AS generated_date
   FROM calc;"
public,user_collection_summary_view," SELECT uci.user_id,
    count(DISTINCT uci.pop_catalog_id) AS unique_items,
    COALESCE(sum(COALESCE(uci.quantity, (1)::bigint)), (0)::numeric) AS total_quantity,
    COALESCE(sum(((COALESCE(uci.quantity, (1)::bigint))::numeric * COALESCE(uci.current_value, pc.estimated_value, (0)::numeric))), (0)::numeric) AS total_collection_value,
    COALESCE(sum(((COALESCE(uci.quantity, (1)::bigint))::numeric * COALESCE(uci.purchase_price, (0)::numeric))), (0)::numeric) AS total_purchase_cost,
    COALESCE(sum(((COALESCE(uci.quantity, (1)::bigint))::numeric * (COALESCE(uci.current_value, pc.estimated_value, (0)::numeric) - COALESCE(uci.purchase_price, (0)::numeric)))), (0)::numeric) AS total_gain_loss
   FROM (user_collection_items uci
     JOIN pop_catalog pc ON ((pc.id = uci.pop_catalog_id)))
  GROUP BY uci.user_id;"
public,user_collection_view," SELECT uci.id AS collection_item_id,
    uci.user_id,
    uci.pop_catalog_id,
    uci.quantity,
    uci.condition,
    uci.box_condition,
    uci.purchase_price,
    uci.current_value,
    uci.notes,
    uci.for_trade,
    uci.for_sale,
    uci.visibility,
    uci.acquired_date,
    uci.created_at,
    pc.upc,
    pc.pop_name,
    pc.""character"",
    pc.franchise,
    pc.number,
    pc.variant,
    pc.exclusivity,
    pc.pop_type,
    pc.set_name,
    pc.image_url,
    pc.vault_status,
    pc.estimated_value,
    COALESCE(NULLIF(uci.current_value, (0)::numeric), pc.estimated_value, (0)::numeric) AS value_each,
    COALESCE(uci.purchase_price, (0)::numeric) AS cost_each,
    ((COALESCE(uci.quantity, (1)::bigint))::numeric * COALESCE(NULLIF(uci.current_value, (0)::numeric), pc.estimated_value, (0)::numeric)) AS total_value,
    ((COALESCE(uci.quantity, (1)::bigint))::numeric * COALESCE(uci.purchase_price, (0)::numeric)) AS total_cost,
    (((COALESCE(uci.quantity, (1)::bigint))::numeric * COALESCE(NULLIF(uci.current_value, (0)::numeric), pc.estimated_value, (0)::numeric)) - ((COALESCE(uci.quantity, (1)::bigint))::numeric * COALESCE(uci.purchase_price, (0)::numeric))) AS gain_loss,
    pc.pop_style,
    uci.owned_variant,
    COALESCE(uci.owned_variant, pc.variant) AS display_variant
   FROM (user_collection_items uci
     JOIN pop_catalog pc ON ((pc.id = uci.pop_catalog_id)));"